27,158,119,255
27,158,119,255
27,158,119,255
27,158,119,255
27,158,119,255
27,158,119,255
27,158,119,255
27,158,119,255
27,158,119,255
27,158,119,255
27,158,119,255
27,158,119,255
27,158,119,255
27,158,119,255
27,158,119,255
27,158,119,255
27,158,119,255
27,158,119,255
27,158,119,255
27,158,119,255
27,158,119,255
27,158,119,255
27,158,119,255
27,158,119,255
27,158,119,255
27,158,119,255
27,158,119,255
27,158,119,255
27,158,119,255
27,158,119,255
27,158,119,255
27,158,119,255
217,95,2,255
217,95,2,255
217,95,2,255
217,95,2,255
217,95,2,255
217,95,2,255
217,95,2,255
217,95,2,255
217,95,2,255
217,95,2,255
217,95,2,255
217,95,2,255
217,95,2,255
217,95,2,255
217,95,2,255
217,95,2,255
217,95,2,255
217,95,2,255
217,95,2,255
217,95,2,255
217,95,2,255
217,95,2,255
217,95,2,255
217,95,2,255
217,95,2,255
217,95,2,255
217,95,2,255
217,95,2,255
217,95,2,255
217,95,2,255
217,95,2,255
217,95,2,255
117,112,179,255
117,112,179,255
117,112,179,255
117,112,179,255
117,112,179,255
117,112,179,255
117,112,179,255
117,112,179,255
117,112,179,255
117,112,179,255
117,112,179,255
117,112,179,255
117,112,179,255
117,112,179,255
117,112,179,255
117,112,179,255
117,112,179,255
117,112,179,255
117,112,179,255
117,112,179,255
117,112,179,255
117,112,179,255
117,112,179,255
117,112,179,255
117,112,179,255
117,112,179,255
117,112,179,255
117,112,179,255
117,112,179,255
117,112,179,255
117,112,179,255
117,112,179,255
231,41,138,255
231,41,138,255
231,41,138,255
231,41,138,255
231,41,138,255
231,41,138,255
231,41,138,255
231,41,138,255
231,41,138,255
231,41,138,255
231,41,138,255
231,41,138,255
231,41,138,255
231,41,138,255
231,41,138,255
231,41,138,255
231,41,138,255
231,41,138,255
231,41,138,255
231,41,138,255
231,41,138,255
231,41,138,255
231,41,138,255
231,41,138,255
231,41,138,255
231,41,138,255
231,41,138,255
231,41,138,255
231,41,138,255
231,41,138,255
231,41,138,255
231,41,138,255
102,166,30,255
102,166,30,255
102,166,30,255
102,166,30,255
102,166,30,255
102,166,30,255
102,166,30,255
102,166,30,255
102,166,30,255
102,166,30,255
102,166,30,255
102,166,30,255
102,166,30,255
102,166,30,255
102,166,30,255
102,166,30,255
102,166,30,255
102,166,30,255
102,166,30,255
102,166,30,255
102,166,30,255
102,166,30,255
102,166,30,255
102,166,30,255
102,166,30,255
102,166,30,255
102,166,30,255
102,166,30,255
102,166,30,255
102,166,30,255
102,166,30,255
102,166,30,255
230,171,2,255
230,171,2,255
230,171,2,255
230,171,2,255
230,171,2,255
230,171,2,255
230,171,2,255
230,171,2,255
230,171,2,255
230,171,2,255
230,171,2,255
230,171,2,255
230,171,2,255
230,171,2,255
230,171,2,255
230,171,2,255
230,171,2,255
230,171,2,255
230,171,2,255
230,171,2,255
230,171,2,255
230,171,2,255
230,171,2,255
230,171,2,255
230,171,2,255
230,171,2,255
230,171,2,255
230,171,2,255
230,171,2,255
230,171,2,255
230,171,2,255
230,171,2,255
166,118,29,255
166,118,29,255
166,118,29,255
166,118,29,255
166,118,29,255
166,118,29,255
166,118,29,255
166,118,29,255
166,118,29,255
166,118,29,255
166,118,29,255
166,118,29,255
166,118,29,255
166,118,29,255
166,118,29,255
166,118,29,255
166,118,29,255
166,118,29,255
166,118,29,255
166,118,29,255
166,118,29,255
166,118,29,255
166,118,29,255
166,118,29,255
166,118,29,255
166,118,29,255
166,118,29,255
166,118,29,255
166,118,29,255
166,118,29,255
166,118,29,255
166,118,29,255
102,102,102,255
102,102,102,255
102,102,102,255
102,102,102,255
102,102,102,255
102,102,102,255
102,102,102,255
102,102,102,255
102,102,102,255
102,102,102,255
102,102,102,255
102,102,102,255
102,102,102,255
102,102,102,255
102,102,102,255
102,102,102,255
102,102,102,255
102,102,102,255
102,102,102,255
102,102,102,255
102,102,102,255
102,102,102,255
102,102,102,255
102,102,102,255
102,102,102,255
102,102,102,255
102,102,102,255
102,102,102,255
102,102,102,255
102,102,102,255
102,102,102,255
102,102,102,255
