228,26,28,255
228,26,28,255
228,26,28,255
228,26,28,255
228,26,28,255
228,26,28,255
228,26,28,255
228,26,28,255
228,26,28,255
228,26,28,255
228,26,28,255
228,26,28,255
228,26,28,255
228,26,28,255
228,26,28,255
228,26,28,255
228,26,28,255
228,26,28,255
228,26,28,255
228,26,28,255
228,26,28,255
228,26,28,255
228,26,28,255
228,26,28,255
228,26,28,255
228,26,28,255
228,26,28,255
228,26,28,255
228,26,28,255
55,126,184,255
55,126,184,255
55,126,184,255
55,126,184,255
55,126,184,255
55,126,184,255
55,126,184,255
55,126,184,255
55,126,184,255
55,126,184,255
55,126,184,255
55,126,184,255
55,126,184,255
55,126,184,255
55,126,184,255
55,126,184,255
55,126,184,255
55,126,184,255
55,126,184,255
55,126,184,255
55,126,184,255
55,126,184,255
55,126,184,255
55,126,184,255
55,126,184,255
55,126,184,255
55,126,184,255
55,126,184,255
77,175,74,255
77,175,74,255
77,175,74,255
77,175,74,255
77,175,74,255
77,175,74,255
77,175,74,255
77,175,74,255
77,175,74,255
77,175,74,255
77,175,74,255
77,175,74,255
77,175,74,255
77,175,74,255
77,175,74,255
77,175,74,255
77,175,74,255
77,175,74,255
77,175,74,255
77,175,74,255
77,175,74,255
77,175,74,255
77,175,74,255
77,175,74,255
77,175,74,255
77,175,74,255
77,175,74,255
77,175,74,255
77,175,74,255
152,78,163,255
152,78,163,255
152,78,163,255
152,78,163,255
152,78,163,255
152,78,163,255
152,78,163,255
152,78,163,255
152,78,163,255
152,78,163,255
152,78,163,255
152,78,163,255
152,78,163,255
152,78,163,255
152,78,163,255
152,78,163,255
152,78,163,255
152,78,163,255
152,78,163,255
152,78,163,255
152,78,163,255
152,78,163,255
152,78,163,255
152,78,163,255
152,78,163,255
152,78,163,255
152,78,163,255
152,78,163,255
255,127,0,255
255,127,0,255
255,127,0,255
255,127,0,255
255,127,0,255
255,127,0,255
255,127,0,255
255,127,0,255
255,127,0,255
255,127,0,255
255,127,0,255
255,127,0,255
255,127,0,255
255,127,0,255
255,127,0,255
255,127,0,255
255,127,0,255
255,127,0,255
255,127,0,255
255,127,0,255
255,127,0,255
255,127,0,255
255,127,0,255
255,127,0,255
255,127,0,255
255,127,0,255
255,127,0,255
255,127,0,255
255,127,0,255
255,255,51,255
255,255,51,255
255,255,51,255
255,255,51,255
255,255,51,255
255,255,51,255
255,255,51,255
255,255,51,255
255,255,51,255
255,255,51,255
255,255,51,255
255,255,51,255
255,255,51,255
255,255,51,255
255,255,51,255
255,255,51,255
255,255,51,255
255,255,51,255
255,255,51,255
255,255,51,255
255,255,51,255
255,255,51,255
255,255,51,255
255,255,51,255
255,255,51,255
255,255,51,255
255,255,51,255
255,255,51,255
166,86,40,255
166,86,40,255
166,86,40,255
166,86,40,255
166,86,40,255
166,86,40,255
166,86,40,255
166,86,40,255
166,86,40,255
166,86,40,255
166,86,40,255
166,86,40,255
166,86,40,255
166,86,40,255
166,86,40,255
166,86,40,255
166,86,40,255
166,86,40,255
166,86,40,255
166,86,40,255
166,86,40,255
166,86,40,255
166,86,40,255
166,86,40,255
166,86,40,255
166,86,40,255
166,86,40,255
166,86,40,255
166,86,40,255
247,129,191,255
247,129,191,255
247,129,191,255
247,129,191,255
247,129,191,255
247,129,191,255
247,129,191,255
247,129,191,255
247,129,191,255
247,129,191,255
247,129,191,255
247,129,191,255
247,129,191,255
247,129,191,255
247,129,191,255
247,129,191,255
247,129,191,255
247,129,191,255
247,129,191,255
247,129,191,255
247,129,191,255
247,129,191,255
247,129,191,255
247,129,191,255
247,129,191,255
247,129,191,255
247,129,191,255
247,129,191,255
153,153,153,255
153,153,153,255
153,153,153,255
153,153,153,255
153,153,153,255
153,153,153,255
153,153,153,255
153,153,153,255
153,153,153,255
153,153,153,255
153,153,153,255
153,153,153,255
153,153,153,255
153,153,153,255
153,153,153,255
153,153,153,255
153,153,153,255
153,153,153,255
153,153,153,255
153,153,153,255
153,153,153,255
153,153,153,255
153,153,153,255
153,153,153,255
153,153,153,255
153,153,153,255
153,153,153,255
153,153,153,255
